Model,RMSE,R2 Score
Linear Regression,0.7455813830127764,0.5757877060324508
Polynomial Regression,0.6813967448044723,0.6456819729261836
Ridge Regression,0.7455567442814779,0.5758157428913684
Lasso Regression,0.8243961598848472,0.48136113250290735
